name,address,latitude,longitude,date,start_time,end_time,hours,rating,website,types,price,featured,sold_out
"Primavera Sound Sl","Carrer de Ramon Turró, 153, Sant Martí, 08005 Barcelona, Spain","41.3978665","2.2000084","","","","","3.7","","establishment, point_of_interest","","false","false"
"Sónar by night","Av. Joan Carles I, 64, 08908 L'Hospitalet de Llobregat, Barcelona, Spain","41.3548438","2.1281364","","","","","4.1","","establishment, point_of_interest","","false","false"
"Festival Cruïlla","Carrer de Pujades, 77 2n, 7a, Sant Martí, 08005 Barcelona, Spain","41.3971172","2.1940061","","","","Monday: 10:00 AM – 6:00 PM | Tuesday: 10:00 AM – 6:00 PM | Wednesday: 10:00 AM – 6:00 PM | Thursday: 10:00 AM – 6:00 PM | Friday: 10:00 AM – 6:00 PM | Saturday: Closed | Sunday: Closed","4.2","http://www.cruillabarcelona.cat/","establishment, point_of_interest","","false","false"
"Teatre Grec","Passeig de Santa Madrona, s/n, Sants-Montjuïc, 08038 Barcelona, Spain","41.3695069","2.1597372","","","","","4.6","http://lameva.barcelona.cat/grec/es/","establishment, point_of_interest","","false","false"
"Barcelona Rock fest","Passeig de Can Zam, 08924 Santa Coloma de Gramenet, Barcelona, Spain","41.4546056","2.1993021","","","","Monday: Closed | Tuesday: Closed | Wednesday: Closed | Thursday: 4:00 PM – 1:00 AM | Friday: 1:00 PM – 3:30 AM | Saturday: 1:00 PM – 3:45 AM | Sunday: 1:00 PM – 4:30 AM","4.5","https://www.barcelonarockfest.com/","establishment, point_of_interest","","false","false"
"Skate Love Music Festival","Av. del Litoral, 86-96, Sant Martí, 08005 Barcelona, Spain","41.4007273","2.212396","","","","","4.6","https://www.skatelovebcn.com/","establishment, point_of_interest","","false","false"
"Parc del Fòrum","Carrer de la Pau, 12, 08930 Sant Adrià de Besòs, Barcelona, Spain","41.4114594","2.2246577","","","","Monday: Open 24 hours | Tuesday: Open 24 hours | Wednesday: Open 24 hours | Thursday: Open 24 hours | Friday: Open 24 hours | Saturday: Open 24 hours | Sunday: Open 24 hours","4.4","https://www.parcdelforum.cat/","establishment, park, point_of_interest, tourist_attraction","","false","false"
"Can Simon","Av. del Rectoret, 15, Sarrià-Sant Gervasi, 08017 Barcelona, Spain","41.426607","2.0927057","","","","","4.8","https://www.facebook.com/Can-Simon-207214269674326/","establishment, point_of_interest","","false","false"
"Live Nation Catalunya, S.A.U.","Pg. de St. Joan, 104, Eixample, 08037 Barcelona, Spain","41.3997007","2.1696872","","","","Monday: 9:00 AM – 2:00 PM, 3:00 – 6:00 PM | Tuesday: 9:00 AM – 2:00 PM, 3:00 – 6:00 PM | Wednesday: 9:00 AM – 2:00 PM, 3:00 – 6:00 PM | Thursday: 9:00 AM – 2:00 PM, 3:00 – 6:00 PM | Friday: 9:00 AM – 2:30 PM | Saturday: Closed | Sunday: Closed","1.8","https://www.livenation.es/","establishment, point_of_interest","","false","false"
"MIRA Festival","Carrer de Lleida, 22, Sants-Montjuïc, 08004 Barcelona, Spain","41.3728192","2.1508216","","","","","3.3","https://mirafestival.com/","establishment, point_of_interest","","false","false"
"Festival Embassa't","Amfiteatre del Parc Catalunya, Carrer Prat de la Riba, 114, 08206 Sabadell, Barcelona, Spain","41.55033969999999","2.0925422","","","","Monday: Closed | Tuesday: Closed | Wednesday: Closed | Thursday: 7:00 – 11:30 PM | Friday: 5:00 PM – 3:30 AM | Saturday: 5:00 PM – 3:30 AM | Sunday: 5:00 – 11:30 PM","4.9","https://www.embassat.com/","establishment, point_of_interest","","false","false"
"Vida • Festival Internacional de Vilanova i la Geltrú","Camí Ral, 08800 Vilanova i la Geltrú, Barcelona, Spain","41.241154","1.715764","","","","","4.6","http://www.vidafestival.com/","establishment, point_of_interest","","false","false"
"Sant Jordi Club","Passeig Olímpic, 5-7, Sants-Montjuïc, 08038 Barcelona, Spain","41.3624371","2.1523192","","","","Monday: 8:00 AM – 8:00 PM | Tuesday: 8:00 AM – 8:00 PM | Wednesday: 8:00 AM – 8:00 PM | Thursday: 8:00 AM – 8:00 PM | Friday: 8:00 AM – 8:00 PM | Saturday: 8:00 AM – 8:00 PM | Sunday: 8:00 AM – 8:00 PM","4.5","https://palausantjordi.barcelona/es/sant-jordi-club","establishment, point_of_interest","","false","false"
"Ombra Festival SL","Carrer de la Marina, 25, Local 6, Sant Martí, 08005 Barcelona, Spain","41.3881248","2.1951871","","","","Monday: Closed | Tuesday: 11:00 AM – 5:00 PM | Wednesday: 11:00 AM – 5:00 PM | Thursday: 11:00 AM – 5:00 PM | Friday: 11:00 AM – 2:00 PM | Saturday: Closed | Sunday: Closed","4","https://ombrafestival.com/","establishment, point_of_interest","","false","false"
"L'Auditori","Carrer de Lepant, 150, Eixample, 08013 Barcelona, Spain","41.3986326","2.1852999","","","","Monday: 8:00 AM – 9:00 PM | Tuesday: 8:00 AM – 9:00 PM | Wednesday: 8:00 AM – 9:00 PM | Thursday: 8:00 AM – 9:00 PM | Friday: 8:00 AM – 9:00 PM | Saturday: Closed | Sunday: Closed","4.6","http://www.auditori.cat/","establishment, point_of_interest, tourist_attraction","","false","false"
"Fira de Barcelona","Av. Joan Carles I, 64, 08908 Barcelona, Spain","41.3546937","2.1278252","","","","Monday: 8:00 AM – 8:00 PM | Tuesday: 8:00 AM – 8:00 PM | Wednesday: 8:00 AM – 8:00 PM | Thursday: 8:00 AM – 8:00 PM | Friday: 8:00 AM – 8:00 PM | Saturday: Closed | Sunday: Closed","4.4","https://www.firabarcelona.com/?utm_source=google_gmb&utm_medium=organic&utm_campaign=fichassalones&utm_term&utm_content=ficha_granvia","establishment, point_of_interest","","false","false"
"All Those Food Market","Moll de Bosch i Alsina, 1, 08039 Barcelona, Spain","41.37681080000001","2.1801244","","","","","2.8","http://www.allthose.org/","establishment, food, point_of_interest, restaurant","","false","false"
"Plaça de Catalunya","Plaça de Catalunya, Eixample, 08002 Barcelona, Spain","41.3870154","2.1700471","","","","","4.5","https://www.meet.barcelona/ca/visita-la-i-estima-la/punts-dinteres-de-la-ciutat/la-placa-de-catalunya-99400356287","establishment, point_of_interest, tourist_attraction","","false","false"
"Canet Rock","Via Cannetum, 08360 Canet de Mar, Barcelona, Spain","41.59387479999999","2.5684156","","","","","4.6","https://www.canetrock.cat/","establishment, point_of_interest","","false","false"
"Festival Mixtur","Carrer de Sant Adrià, 20, Sant Andreu, 08030 Barcelona, Spain","41.432949","2.1905158","","","","","","http://www.mixturbcn.com/","establishment, point_of_interest","","false","false"
"Razzmatazz","Carrer dels Almogàvers, 122, Sant Martí, 08018 Barcelona, Spain","41.3977323","2.1911108","","","","Monday: Closed | Tuesday: Closed | Wednesday: Closed | Thursday: 12:30 – 5:00 AM | Friday: 12:30 – 5:00 AM | Saturday: 1:00 – 6:00 AM | Sunday: 1:00 – 6:00 AM","4.2","http://www.salarazzmatazz.com/","establishment, night_club, point_of_interest","","false","false"
"Wolf Barcelona","Carrer dels Almogàvers, 88, Sant Martí, 08018 Barcelona, Spain","41.395899","2.1885976","","","","Monday: Closed | Tuesday: Closed | Wednesday: Closed | Thursday: 12:00 – 5:00 AM | Friday: 12:00 – 6:00 AM | Saturday: 12:00 – 6:00 AM | Sunday: 12:00 – 6:00 AM","4.5","http://wolfbarcelona.com/","establishment, night_club, point_of_interest","","false","false"
"Sala Upload Barcelona","Av. de Francesc Ferrer i Guàrdia, 13, Sants-Montjuïc, 08038 Barcelona, Spain","41.3684458","2.146895","","","","Monday: Closed | Tuesday: Closed | Wednesday: Closed | Thursday: Closed | Friday: 1:00 – 5:00 PM | Saturday: 1:00 – 5:00 PM | Sunday: Closed","4.4","http://www.sala-upload.com/","establishment, night_club, point_of_interest","","false","false"
"El Teatre més Petit del Món","Carrer de l'Encarnació, 25, Gràcia, 08012 Barcelona, Spain","41.4058787","2.1589657","","","","Monday: Closed | Tuesday: Closed | Wednesday: Closed | Thursday: 8:30 – 10:30 PM | Friday: Closed | Saturday: 8:30 – 10:30 PM | Sunday: Closed","4.8","https://elteatremespetitdelmon.com/","establishment, point_of_interest","","false","false"
"Razzmatazz 2","Carrer de Pamplona, 88, Sant Martí, 08018 Barcelona, Spain","41.3972434","2.1912593","","","","Monday: 9:00 AM – 5:30 PM | Tuesday: 9:00 AM – 5:30 PM | Wednesday: 9:00 AM – 5:30 PM | Thursday: 9:00 AM – 5:30 PM | Friday: 9:00 AM – 3:00 PM | Saturday: Closed | Sunday: Closed","4.4","https://www.salarazzmatazz.com/","establishment, point_of_interest","","false","false"
"Sala Apolo","Carrer Nou de la Rambla, 113, Sants-Montjuïc, 08004 Barcelona, Spain","41.3744026","2.1695739","","","","Monday: Closed | Tuesday: 12:00 – 5:00 AM | Wednesday: 12:00 – 5:00 AM | Thursday: 12:00 – 5:00 AM | Friday: 12:00 – 5:00 AM | Saturday: 12:00 – 5:00 AM | Sunday: 5:00 PM – 5:00 AM","4.2","https://www.sala-apolo.com/es/?utm_source=Google+Maps&utm_medium=Google+Maps&utm_campaign=Ficha+Maps","establishment, night_club, point_of_interest","","false","false"
"Palau Sant Jordi","Passeig Olímpic, 5-7, Sants-Montjuïc, 08038 Barcelona, Spain","41.3639595","2.1520405","","","","Monday: 8:00 AM – 8:00 PM | Tuesday: 8:00 AM – 8:00 PM | Wednesday: 8:00 AM – 8:00 PM | Thursday: 8:00 AM – 8:00 PM | Friday: 8:00 AM – 8:00 PM | Saturday: 8:00 AM – 8:00 PM | Sunday: 8:00 AM – 8:00 PM","4.5","https://palausantjordi.barcelona/","establishment, point_of_interest, tourist_attraction","","false","false"
"Jamboree","Pl. Reial, 17, Ciutat Vella, 08002 Barcelona, Spain","41.3796814","2.1752178","","","","Monday: 4:00 PM – 5:00 AM | Tuesday: 4:00 PM – 5:00 AM | Wednesday: 4:00 PM – 5:00 AM | Thursday: 4:00 PM – 5:00 AM | Friday: 4:00 PM – 5:00 AM | Saturday: 4:00 PM – 6:00 AM | Sunday: 4:00 PM – 5:00 AM","4.2","http://www.jamboreejazz.com/","bar, establishment, night_club, point_of_interest","","false","false"
"Salamandra","Av. del Carrilet, 235, 08907 L'Hospitalet de Llobregat, Barcelona, Spain","41.3601493","2.1093739","","","","Monday: Closed | Tuesday: Closed | Wednesday: Closed | Thursday: Closed | Friday: 12:00 – 6:00 AM | Saturday: 12:00 – 6:00 AM | Sunday: Closed","4.2","http://www.salamandra.cat/","establishment, point_of_interest","","false","false"
"Freedonia","Carrer de la Lleialtat, 6, Ciutat Vella, 08001 Barcelona, Spain","41.3773048","2.166997","","","","Monday: Closed | Tuesday: Closed | Wednesday: Closed | Thursday: 8:30 PM – 2:00 AM | Friday: 8:30 PM – 3:00 AM | Saturday: 8:30 PM – 3:00 AM | Sunday: Closed","4.4","http://www.freedonia.eu/","establishment, point_of_interest","","false","false"
"Eventos en barcelona","Carrer del dos de Maig, Sant Martí, 08013 Barcelona, Spain","41.4065602","2.1828531","","","","Monday: 9:00 AM – 9:00 PM | Tuesday: 9:00 AM – 9:00 PM | Wednesday: 9:00 AM – 9:00 PM | Thursday: 9:00 AM – 9:00 PM | Friday: 9:00 AM – 9:00 PM | Saturday: 9:00 AM – 9:00 PM | Sunday: 9:00 AM – 9:00 PM","4.3","https://eventosenbarcelona.com/","establishment, point_of_interest","","false","false"
"Lluís Companys Olympic Stadium","Passeig Olímpic, Sants-Montjuïc, 08038 Barcelona, Spain","41.3647603","2.1556418","","","","Monday: 8:00 AM – 8:00 PM | Tuesday: 8:00 AM – 8:00 PM | Wednesday: 8:00 AM – 8:00 PM | Thursday: 8:00 AM – 8:00 PM | Friday: 8:00 AM – 8:00 PM | Saturday: 8:00 AM – 8:00 PM | Sunday: 8:00 AM – 8:00 PM","4.4","https://estadiolimpic.barcelona/es","establishment, point_of_interest, stadium, tourist_attraction","","false","false"
"Sala River","Carrer Santa Anna, 14, 08901 L'Hospitalet de Llobregat, Barcelona, Spain","41.358795","2.1014266","","","","Monday: Closed | Tuesday: Closed | Wednesday: Closed | Thursday: 8:00 PM – 1:00 AM | Friday: 11:00 PM – 3:00 AM | Saturday: 7:30 PM – 3:00 AM | Sunday: Closed","4.6","https://www.instagram.com/salariverlh?igsh=MWM5b2hrcnBiZnZmZw%3D%3D&utm_source=qr","bar, establishment, point_of_interest","","false","false"
"Recinte Firal La Farga","Carrer de Barcelona, 26, 08901 L'Hospitalet de Llobregat, Barcelona, Spain","41.3617261","2.1044907","","","","","4.1","https://www.lafargalhospitalet.com/","establishment, point_of_interest","","false","false"
"Festa Major de Gràcia - Carrer Puigmartí","Carrer de Puigmartí, 25, Gràcia, 08012 Barcelona, Spain","41.4025202","2.1602548","","","","","4.7","https://www.puigmarti.cat/","establishment, point_of_interest","","false","false"
"Festa Major de Gràcia","Carrer de Joan Blanques, 1, Gràcia, 08012 Barcelona, Spain","41.4039512","2.1616595","","","","","4.7","","establishment, point_of_interest, tourist_attraction","","false","false"
"Festa Major de Gràcia","Carrer de la Llibertat, Gràcia, 08012 Barcelona, Spain","41.4000446","2.1616889","","","","","4.4","","establishment, point_of_interest, tourist_attraction","","false","false"
"Festa Major de Gràcia - Carrer de Mozart","Carrer de Mozart, 27, Gràcia, 08012 Barcelona, Spain","41.399581","2.15798","","","","","4.9","","establishment, point_of_interest","","false","false"
"Festa Major de Gràcia - Carrer de la Providència","Carrer de la Providència, Gràcia, 08024 Barcelona, Spain","41.4080682","2.1592871","","","","","4","","establishment, point_of_interest, tourist_attraction","","false","false"
"Festa Major de Gràcia - Carrer Verdi","Carrer de Verdi, 66-84, Gràcia, 08012 Barcelona, Spain","41.405425","2.1551576","","","","","4.7","https://ajuntament.barcelona.cat/gracia/es/noticia/programa-de-la-fiesta-mayor-de-gracia-2024_1426015","establishment, point_of_interest, tourist_attraction","","false","false"
"Festa Major de Gràcia. Carrer de Tordera.","Carrer de Tordera, 23, Gràcia, 08012 Barcelona, Spain","41.40137840000001","2.1611572","","","","","4.7","","establishment, point_of_interest, tourist_attraction","","false","false"
"Festa Major de Gràcia. Carrer Progrés.","Carrer del Progrés, 19, Gràcia, 08012 Barcelona, Spain","41.4001359","2.1602155","","","","","5","","establishment, point_of_interest, tourist_attraction","","false","false"
"Fiesta Mayor de Gracia - Calle de la Perla","Carrer de la Perla, Gràcia, 08012 Barcelona, Spain","41.4035182","2.1572654","","","","","4.8","https://ajuntament.barcelona.cat/gracia/ca/el-districte-i-els-seus-barris/la-vila-de-gracia/festa-major","establishment, point_of_interest, tourist_attraction","","false","false"
"Festa Major de Gràcia. Carrer Sant Pere Màrtir.","Carrer de Sant Pere Màrtir, 26, Gràcia, 08012 Barcelona, Spain","41.399356","2.1574597","","","","","4.7","","establishment, point_of_interest, tourist_attraction","","false","false"
"Festa Major de Gràcia. Carrer de Jesús.","Carrer de Jesús, 9, Gràcia, 08012 Barcelona, Spain","41.3989172","2.1574726","","","","","4.3","","establishment, point_of_interest, tourist_attraction","","false","false"
"FUNDACIÓ FESTA MAJOR DE GRÀCIA","Carrer de l'Alzina, 9, Gràcia, 08024 Barcelona, Spain","41.4061144","2.1566277","","","","","4","https://festamajordegracia.cat/","establishment, point_of_interest","","false","false"
"Fiesta Mayor de Gracia. Calle de Joan Blanques.","Carrer de Joan Blanques, 35, Gràcia, 08024 Barcelona, Spain","41.4054305","2.1602468","","","","","4","","establishment, point_of_interest, tourist_attraction","","false","false"
"Festa Major de Gràcia - Carrer Perill","Carrer del Perill, Gràcia, 08012 Barcelona, Spain","41.3998127","2.1620513","","","","","3.3","","establishment, point_of_interest, tourist_attraction","","false","false"
"Fiesta Mayor de Gracia - Calle de Lluís Vives","Carrer de Lluís Vives, Gràcia, 08012 Barcelona, Spain","41.4002409","2.1626272","","","","","4.3","","establishment, point_of_interest, tourist_attraction","","false","false"
"Fiesta Mayor de Gracia - Calle de Berga","Carrer de Berga, Gràcia, 08012 Barcelona, Spain","41.4008333","2.1527976","","","","","4.7","https://ajuntament.barcelona.cat/gracia/ca/el-districte-i-els-seus-barris/la-vila-de-gracia/festa-major","establishment, point_of_interest, tourist_attraction","","false","false"
"Fiesta Mayor de Gracia. Calle de Ciudad Real.","Carrer de Ciudad Real, Gràcia, 08012 Barcelona, Spain","41.4032555","2.1596757","","","","","4.3","","establishment, point_of_interest, tourist_attraction","","false","false"
"Fiesta Mayor de Gracia - Calle de la Fraternidad de Arriba","Carrer de la Fraternitat, Gràcia, 08012 Barcelona, Spain","41.4010764","2.1598797","","","","","4.4","https://festamajordegracia.cat/","establishment, point_of_interest, tourist_attraction","","false","false"
"Festa Major de Sants - Carrer del Guadiana","Carrer del Guadiana, 12, Sants-Montjuïc, 08014 Barcelona, Spain","41.3747211","2.139152","","","","","3.6","https://ajuntament.barcelona.cat/sants-montjuic/ca/festa-major-sants","establishment, point_of_interest","","false","false"
"Festa Major de Sants - Carrer Finlàndia","Carrer de Finlàndia, 37, Sants-Montjuïc, 08014 Barcelona, Spain","41.3742588","2.1353559","","","","","4.6","","establishment, point_of_interest","","false","false"
"Festa Major de Sants - Carrer Vallespir","Carrer del Vallespir, Sants-Montjuïc, 08014 Barcelona, Spain","41.3816569","2.1355761","","","","","4.6","","establishment, point_of_interest","","false","false"
"Festa Major de Sants - Plaça de la Farga","Plaça de la Farga, Sants-Montjuïc, 08014 Barcelona, Spain","41.3721634","2.1385867","","","","","4","https://ajuntament.barcelona.cat/sants-montjuic/ca/festa-major-sants","establishment, point_of_interest, tourist_attraction","","false","false"
"Festa Major de Sants - Carrer Sagunt","Carrer de Sagunt, 103, 95, Sants-Montjuïc, 08014 Barcelona, Spain","41.3725635","2.1356329","","","","","4.2","","establishment, point_of_interest","","false","false"
"Festa Major de Sants - Carrer de Valladolid","Carrer de Valladolid, 39, Sants-Montjuïc, 08014 Barcelona, Spain","41.37815","2.137211","","","","","4.8","","establishment, point_of_interest, tourist_attraction","","false","false"
"Festa Major de Sants - Carrer d'Alcolea","Carrer d'Alcolea, Sants-Montjuïc, 08014 Barcelona, Spain","41.37682239999999","2.1364143","","","","","4.4","","establishment, point_of_interest, tourist_attraction","","false","false"
"La Feria del Poblenou","Passeig de Calvell, 13, X, Sant Martí, 08005 Barcelona, Spain","41.3973704","2.2061353","","","","","4.1","","establishment, point_of_interest","","false","false"
"Centre Cívic Can Felipa","Plaça Josep Maria Huertas Claveria, 1, Sant Martí, 08005 Barcelona, Spain","41.4036973","2.2002408","","","","Monday: 9:00 AM – 10:00 PM | Tuesday: 9:00 AM – 10:00 PM | Wednesday: 9:00 AM – 10:00 PM | Thursday: 9:00 AM – 10:00 PM | Friday: 9:00 AM – 10:00 PM | Saturday: 10:00 AM – 2:00 PM, 4:00 – 7:00 PM | Sunday: Closed","4.3","http://www.cccanfelipa.cat/","establishment, point_of_interest","","false","false"
"Eix Comercial Poblenou","Rambla del Poblenou, 128, Sant Martí, 08005 Barcelona, Spain","41.4041829","2.197465","","","","Monday: 10:00 AM – 8:00 PM | Tuesday: 10:00 AM – 8:00 PM | Wednesday: 10:00 AM – 8:00 PM | Thursday: 10:00 AM – 8:00 PM | Friday: 10:00 AM – 8:00 PM | Saturday: 10:00 AM – 8:00 PM | Sunday: Closed","4.8","http://www.eixcomercialpoblenou.com/","establishment, point_of_interest, shopping_mall","","false","false"
"Associació de Ball Alocubano","Carrer del Joncar, 27, Sant Martí, 08005 Barcelona, Spain","41.4010626","2.2041779","","","","","4.8","https://www.a-locubano.com/","establishment, point_of_interest","","false","false"
"L'Aliança del Poble Nou Casino","Rambla del Poblenou, 42, Sant Martí, 08005 Barcelona, Spain","41.3999465","2.2032803","","","","Monday: 6:00 – 9:00 PM | Tuesday: 6:00 – 9:00 PM | Wednesday: 6:00 – 9:00 PM | Thursday: 6:00 – 9:00 PM | Friday: 6:00 – 8:00 PM | Saturday: Closed | Sunday: Closed","4.2","https://casinoalianca.cat/","establishment, point_of_interest","","false","false"
"El Poblenou","El Poblenou, Sant Martí, Barcelona, Spain","41.4033546","2.2028843","","","","","","","neighborhood, political","","false","false"
"Fiesta Mayor de Gracia - Calle Luis Antúnez","Carrer de Luis Antúnez, Gràcia, 08006 Barcelona, Spain","41.398233","2.1550741","","","","","4","https://ajuntament.barcelona.cat/gracia/ca/el-districte-i-els-seus-barris/la-vila-de-gracia/festa-major","establishment, point_of_interest, tourist_attraction","","false","false"
"Fiesta Mayor de Gracia - Travesía de San Antonio","Travessia de Sant Antoni, Gràcia, 08012 Barcelona, Spain","41.4025057","2.154275","","","","","","","establishment, point_of_interest, tourist_attraction","","false","false"
"Federació Festa Major de Sants - Violant d'Hongria","Violant d'hungria, 153, Sants-Montjuïc, 08014 Barcelona, Spain","41.380598","2.135005","","","","","3.7","","establishment, point_of_interest","","false","false"
"Carrer Papin.Festa Major de Sants","Carrer de Papin, 3, Sants-Montjuïc, 08028 Barcelona, Spain","41.3782421","2.1330599","","","","","5","","establishment, point_of_interest, tourist_attraction","","false","false"
"Basilica of the Sagrada Familia","Carrer de Mallorca, 401, Eixample, 08013 Barcelona, Spain","41.4036299","2.1743558","","","","Monday: 9:00 AM – 8:00 PM | Tuesday: 9:00 AM – 8:00 PM | Wednesday: 9:00 AM – 8:00 PM | Thursday: 9:00 AM – 8:00 PM | Friday: 9:00 AM – 8:00 PM | Saturday: 9:00 AM – 6:00 PM | Sunday: 10:30 AM – 8:00 PM","4.8","https://sagradafamilia.org/home","church, establishment, place_of_worship, point_of_interest, tourist_attraction","","false","false"
"Festa Major","Carrer de Joan de Peguera, 75, Sant Martí, 08026 Barcelona, Spain","41.4143042","2.1825694","","","","","5","","establishment, point_of_interest","","false","false"
"Centre Sant Pere 1892","Carrer de Sant Pere Més Alt, 25, Ciutat Vella, 08003 Barcelona, Spain","41.38818819999999","2.1762932","","","","Monday: 10:00 AM – 2:00 PM, 5:00 – 9:00 PM | Tuesday: 5:00 – 9:00 PM | Wednesday: 10:00 AM – 2:00 PM, 5:00 – 9:00 PM | Thursday: 5:00 – 9:00 PM | Friday: 10:00 AM – 2:00 PM, 5:00 – 9:00 PM | Saturday: 5:00 – 9:00 PM | Sunday: Closed","4.7","http://www.centresantpere.cat/","establishment, point_of_interest","","false","false"
"El canó de la Barceloneta","Plaça de la Barceloneta, Ciutat Vella, 08003 Barcelona, Spain","41.3798006","2.1880952","","","","","5","https://www.barcelona.cat/culturapopular/ca/festes-i-tradicions/personatges-i-elements-festius/cano-de-la-barceloneta","establishment, point_of_interest","","false","false"
"Centre Cívic Barceloneta","Carrer de la Conreria, 1, Ciutat Vella, 08003 Barcelona, Spain","41.3804244","2.1923547","","","","Monday: 9:00 AM – 9:30 PM | Tuesday: 9:00 AM – 9:30 PM | Wednesday: 9:00 AM – 9:30 PM | Thursday: 9:00 AM – 9:30 PM | Friday: 9:00 AM – 9:30 PM | Saturday: 9:30 AM – 2:30 PM, 4:00 – 8:00 PM | Sunday: Closed","4.6","https://ajuntament.barcelona.cat/ccivics/barceloneta","establishment, point_of_interest","","false","false"
"Barcelona City Hall","Pl. de Sant Jaume, 1, Ciutat Vella, 08002 Barcelona, Spain","41.3823947","2.1773651","","","","Monday: 8:00 AM – 7:00 PM | Tuesday: 8:00 AM – 7:00 PM | Wednesday: 8:00 AM – 7:00 PM | Thursday: 8:00 AM – 7:00 PM | Friday: 8:00 AM – 7:00 PM | Saturday: 8:00 AM – 7:00 PM | Sunday: Closed","3.4","https://www.barcelona.cat/","city_hall, establishment, local_government_office, point_of_interest","","false","false"
"Sala Versus Glòries","Carrer de los Castillejos, 179, Eixample, 08013 Barcelona, Spain","41.40206","2.1838967","","","","Monday: Closed | Tuesday: Closed | Wednesday: 6:00 – 11:00 PM | Thursday: 6:00 – 11:00 PM | Friday: 6:00 – 11:00 PM | Saturday: 6:00 – 11:00 PM | Sunday: 5:00 – 9:00 PM","4.5","http://www.salaversusglories.cat/","establishment, point_of_interest","","false","false"
"Festa Major de Barberà del Vallès 2026","Passeig del Dr. Moragas, 08210 Barberà del Vallès, Barcelona, Spain","41.5145525","2.1250182","","","","","3.4","","establishment, point_of_interest, tourist_attraction","","false","false"
"Vall d'Hebron University Hospital","Pg. de la Vall d'Hebron, 119, Horta-Guinardó, 08035 Barcelona, Spain","41.4277445","2.1424144","","","","Monday: Open 24 hours | Tuesday: Open 24 hours | Wednesday: Open 24 hours | Thursday: Open 24 hours | Friday: Open 24 hours | Saturday: Open 24 hours | Sunday: Open 24 hours","3.7","https://hospital.vallhebron.com/","establishment, health, hospital, point_of_interest","","false","false"
"Plaça de la Vall d'Hebron","Carrer de la Vall d'Hebron, 6, Horta-Guinardó, 08035 Barcelona, Spain","41.4216213","2.1411816","","","","Monday: Open 24 hours | Tuesday: Open 24 hours | Wednesday: Open 24 hours | Thursday: Open 24 hours | Friday: Open 24 hours | Saturday: Open 24 hours | Sunday: Open 24 hours","4.1","","establishment, park, point_of_interest","","false","false"
"VHIR Vall d'Hebron Institut de Recerca","VHIR Edifici Central, Pg. de la Vall d'Hebron, 129, Horta-Guinardó, 08035 Barcelona, Spain","41.427933","2.139304","","","","Monday: 8:00 AM – 7:00 PM | Tuesday: 8:00 AM – 7:00 PM | Wednesday: 8:00 AM – 7:00 PM | Thursday: 8:00 AM – 7:00 PM | Friday: 8:00 AM – 7:00 PM | Saturday: Closed | Sunday: Closed","4.5","https://vhir.vallhebron.com/","establishment, point_of_interest","","false","false"
"VHIO Vall d'Hebron Institut d’Oncologia","Centro Cellex, Carrer de Natzaret, 117, Horta-Guinardó, 08035 Barcelona, Spain","41.4286615","2.1374636","","","","Monday: 7:00 AM – 8:00 PM | Tuesday: 7:00 AM – 8:00 PM | Wednesday: 7:00 AM – 8:00 PM | Thursday: 7:00 AM – 8:00 PM | Friday: 7:00 AM – 8:00 PM | Saturday: Closed | Sunday: Closed","4.5","https://vhio.net/es/inicio/","establishment, point_of_interest","","false","false"
"Parc de la Vall d'Hebron","Horta-Guinardó, 08035 Barcelona, Spain","41.431312","2.145728","","","","","3.8","","establishment, point_of_interest, transit_station","","false","false"
"Aventura Park Barcelona | Avinguda Roma","Avinguda de Roma, 35, Eixample, 08029 Barcelona, Spain","41.3820086","2.1461683","","","","Monday: Closed | Tuesday: 5:00 – 8:30 PM | Wednesday: 5:00 – 8:30 PM | Thursday: 5:00 – 8:30 PM | Friday: 5:00 – 9:00 PM | Saturday: 11:00 AM – 2:00 PM, 5:00 – 9:00 PM | Sunday: 11:00 AM – 2:00 PM, 5:00 – 9:00 PM","4.3","https://aventurapark.com/parque-infantil-tematico-avda-roma-barcelona/","establishment, point_of_interest","","false","false"
"Centre Cultural La Farinera del Clot","Gran Via de les Corts Catalanes, 837, Sant Martí, 08018 Barcelona, Spain","41.4052371","2.1881919","","","","Monday: 9:00 AM – 10:00 PM | Tuesday: 9:00 AM – 10:00 PM | Wednesday: 9:00 AM – 10:00 PM | Thursday: 9:00 AM – 10:00 PM | Friday: 9:00 AM – 10:00 PM | Saturday: 10:00 AM – 2:00 PM, 4:00 – 8:00 PM | Sunday: Closed","4.4","http://farinera.org/","establishment, point_of_interest","","false","false"
"Ajuntament de Santa Fe del Penedès","Carrer de l'Horta, 1, 08792 Santa Fe del Penedès, Barcelona, Spain","41.3844558","1.7212089","","","","Monday: 10:00 AM – 2:00 PM | Tuesday: 10:00 AM – 2:00 PM | Wednesday: 10:00 AM – 2:00 PM, 5:00 – 8:00 PM | Thursday: 10:00 AM – 2:00 PM | Friday: 10:00 AM – 2:00 PM | Saturday: Closed | Sunday: Closed","4.2","https://www.santafepenedes.cat/","establishment, point_of_interest","","false","false"
"Fira Barcelona Gran Via","Carrer dels Alts Forns, 14, Sants-Montjuïc, 08038 Barcelona, Spain","41.35597629999999","2.1344128","","","","","4.5","https://www.firabarcelona.com/","establishment, point_of_interest","","false","false"
"Plaça Major de Nou Barris","Plaça Major de Nou Barris, 1, Nou Barris, 08042 Barcelona, Spain","41.4366829","2.1713142","","","","","4.5","","establishment, point_of_interest","","false","false"
"9 Birras Fest","Plaça Major de Nou Barris, Nou Barris, 08042 Barcelona, Spain","41.4366897","2.1714963","","","","","4.5","https://www.9birrasfest.com/","establishment, point_of_interest","","false","false"
"Seu del Districte de Nou Barris | Ajuntament de Barcelona","Plaça Major de Nou Barris, 1, Nou Barris, 08042 Barcelona, Spain","41.4369202","2.1712029","","","","Monday: 8:30 AM – 2:30 PM | Tuesday: 8:30 AM – 2:30 PM | Wednesday: 8:30 AM – 2:30 PM | Thursday: 8:30 AM – 2:30 PM | Friday: 8:30 AM – 2:30 PM | Saturday: Closed | Sunday: Closed","3.8","https://ajuntament.barcelona.cat/noubarris/ca","city_hall, establishment, local_government_office, point_of_interest","","false","false"
"Parc Central de Nou Barris","Plaça Major de Nou Barris, 1, Nou Barris, 08042 Barcelona, Spain","41.4365386","2.1677429","","","","Monday: Open 24 hours | Tuesday: Open 24 hours | Wednesday: Open 24 hours | Thursday: Open 24 hours | Friday: Open 24 hours | Saturday: Open 24 hours | Sunday: Open 24 hours","4.3","http://www.barcelonaturisme.com/wv3/en/page/524/parc-central-de-nou-barris.html","establishment, park, point_of_interest, tourist_attraction","","false","false"
"Oficina d'Atenció Ciutadana del Districte de Nou Barris","Plaça Major de Nou Barris, 1, Nou Barris, 08042 Barcelona, Spain","41.4368621","2.1712251","","","","Monday: 8:30 AM – 2:30 PM | Tuesday: 8:30 AM – 2:30 PM | Wednesday: 8:30 AM – 2:30 PM | Thursday: 8:30 AM – 6:30 PM | Friday: 8:30 AM – 2:30 PM | Saturday: Closed | Sunday: Closed","3.9","http://ajuntament.barcelona.cat/","establishment, local_government_office, point_of_interest","","false","false"
"Festes de Maig","Carrer de Jesús, 1, 08911 Badalona, Barcelona, Spain","41.448224","2.2491969","","","","","3","https://festesdemaig.cat/","establishment, point_of_interest","","false","false"
"Sala d'esdeveniments Marquès de Sant Mori - Monfesta","Avinguda del Marquès de Sant Mori, 219, 08914 Badalona, Barcelona, Spain","41.4432477","2.2247425","","","","Monday: 10:00 AM – 2:00 AM | Tuesday: 10:00 AM – 2:00 AM | Wednesday: 10:00 AM – 2:00 AM | Thursday: 10:00 AM – 2:00 AM | Friday: 10:00 AM – 2:00 AM | Saturday: 10:00 AM – 2:00 AM | Sunday: 10:00 AM – 2:00 AM","3.9","http://www.monfesta.com/","establishment, point_of_interest","","false","false"
"L'Hdigital Mitjans de comunicació de L'Hospitalet","Pl. Francesc Macià, 25, 08902 L'Hospitalet de Llobregat, Barcelona, Spain","41.3642736","2.1280612","","","","Monday: Open 24 hours | Tuesday: Open 24 hours | Wednesday: Open 24 hours | Thursday: Open 24 hours | Friday: Open 24 hours | Saturday: Open 24 hours | Sunday: Open 24 hours","4.4","","establishment, point_of_interest","","false","false"
"Jardins de Can Sumarro","Carrer de Barcelona, 130, 08901 L'Hospitalet de Llobregat, Barcelona, Spain","41.3600801","2.097009","","","","Monday: Open 24 hours | Tuesday: Open 24 hours | Wednesday: Open 24 hours | Thursday: Open 24 hours | Friday: Open 24 hours | Saturday: Open 24 hours | Sunday: Open 24 hours","4.3","http://www.l-h.cat/biblioteques/cansumarro_2.aspx","establishment, point_of_interest","","false","false"
"Hospitalet de Llobregat City Hall","Plaça de l'Ajuntament, 11, 08901 L'Hospitalet de Llobregat, Barcelona, Spain","41.3594648","2.0996272","","","","","3.2","http://l-h.cat/","city_hall, establishment, local_government_office, point_of_interest","","false","false"